slug,key,value,osmium_tag_filter,nom en français dans ID,lien wiki,description en français dans taginfo,lien data item,modifié dans les data items ?,nsi_path,osmose_missing_item,osmose_missing_class,mots clefs à chercher dans les notes,mots clefs pour chercher dans l'auto-complétion,début du message pour les commerces déjà mappés,catégories proches peut-être à afficher aussi sur la page ?
office/insurance,office,insurance,nw/office=insurance,Agence d'assurance,https://wiki.openstreetmap.org/wiki/FR:Tag:office%3Dinsurance,,,,brands/office/insurance,,,,,,
shop/travel_agency,shop,travel_agency,nw/shop=travel_agency,Agence de voyages,https://wiki.openstreetmap.org/wiki/FR:Tag:shop%3Dtravel_agency,A shop selling travel related products and services,,,brands/shop/travel_agency,8310,"['79.11Z', '79.12Z']",,,,
office/estate_agent,office,estate_agent,nw/office=estate_agent,Agence immobilière,https://wiki.openstreetmap.org/wiki/FR:Tag:office%3Destate_agent,A shop which sells and/or rents property.,,,brands/office/estate_agent,8310,['68.31Z'],,,,
office/employment_agency,office,employment_agency,nw/office=employment_agency,Agence pour l'emploi,https://wiki.openstreetmap.org/wiki/FR:Tag:office%3Demployment_agency,,,,brands/office/employment_agency,8310,['78.10Z'],,,,
amenity/food_court,amenity,food_court,nw/amenity=food_court,"Aire de restauration, food-court",https://wiki.openstreetmap.org/wiki/FR:Tag:amenity%3Dfood_court,,,,,,,,,,
shop/pet,shop,pet,nw/shop=pet,Animalerie,https://wiki.openstreetmap.org/wiki/FR:Tag:shop%3Dpet,"Une animalerie, vendant ou proposant des animaux domestiques ou de la nourriture, des accessoires ou services pour ces animaux.",http://wiki.openstreetmap.org/entity/Q5706,,brands/shop/pet,8310,['47.76Z'],,,,"animalerie, jardinerie"
shop/antiques,shop,antiques,nw/shop=antiques,Antiquaire,https://wiki.openstreetmap.org/wiki/FR:Tag:shop%3Dantiques,A shop where you can buy antiques,,,,8310,['47.79Z'],,,,
shop/hearing_aids,shop,hearing_aids,nw/shop=hearing_aids,Audioprothésiste,https://wiki.openstreetmap.org/wiki/FR:Tag:shop%3Dhearing_aids,A shop specialized in selling hearing aids devices,,,brands/shop/hearing_aids,8310,['47.74Z'],,,,
amenity/driving_school,amenity,driving_school,nw/amenity=driving_school,Auto-école,https://wiki.openstreetmap.org/wiki/FR:Tag:amenity%3Ddriving_school,,,,,,,,,,
shop/bag,shop,bag,nw/shop=bag,Bagagerie,https://wiki.openstreetmap.org/wiki/FR:Tag:shop%3Dbag,A shop selling bags.,http://wiki.openstreetmap.org/entity/Q5746,,brands/shop/bag,8310,['47.72B'],,,,
amenity/public_bath,amenity,public_bath,nw/amenity=public_bath,Bain public,https://wiki.openstreetmap.org/wiki/FR:Tag:amenity%3Dpublic_bath,,,,,,,,,,
amenity/bank,amenity,bank,nw/amenity=bank,Banque,https://wiki.openstreetmap.org/wiki/FR:Tag:amenity%3Dbank,,,,brands/amenity/bank,,,,,,
amenity/bar,amenity,bar,nw/amenity=bar,Bar,https://wiki.openstreetmap.org/wiki/FR:Tag:amenity%3Dbar,,,,brands/amenity/bar,8310,"['56.10A', '56.30Z']",,,,"bar, pub, café"
shop/jewelry,shop,jewelry,nw/shop=jewelry,Bijouterie,https://wiki.openstreetmap.org/wiki/FR:Tag:shop%3Djewelry,"Une boutique qui vend des bagues, colliers, boucles d'oreilles, montres, etc.",,,brands/shop/jewelry,8310,['47.77Z'],,,,"montres, bijouteries"
amenity/nightclub,amenity,nightclub,nw/amenity=nightclub,Boîte de nuit,https://wiki.openstreetmap.org/wiki/FR:Tag:amenity%3Dnightclub,,,,,,,,,,
shop/butcher,shop,butcher,nw/shop=butcher,Boucher,https://wiki.openstreetmap.org/wiki/FR:Tag:shop%3Dbutcher,"Une boucherie, charcuterie.",http://wiki.openstreetmap.org/entity/Q4730,modifié,brands/shop/butcher,8310,"['10.13B', '47.22Z']","boucher, viande, charcuterie, charcutier","boucher, bouche, viande, charcuterie, charcutier, saucisson, poulet, jambon, roti, boeuf, animaux, tripes, volailles",Cette boucherie existe,
,shop,bakery,nw/shop=bakery,Boulangerie,,,,,,,,,"pain,gateaux,nourriture,café,boulanger,viennoiserie,patisserie,fournil,boulangerie artisanale,meunier,brioche",,déjà en production
shop/gift,shop,gift,nw/shop=gift,Boutique de cadeaux,https://wiki.openstreetmap.org/wiki/FR:Tag:shop%3Dgift,"Un magasin vendant des cadeaux, cartes de vœux/anniversaire, ou souvenir de voyage.",http://wiki.openstreetmap.org/entity/Q4789,,brands/shop/gift,,,,,,
shop/ticket,shop,ticket,nw/shop=ticket,Boutique de vente de billets,https://wiki.openstreetmap.org/wiki/FR:Tag:shop%3Dticket,"Un endroit où on peut acheter des tickets (concerts, évènements, transport public, ...)",http://wiki.openstreetmap.org/entity/Q5664,,brands/shop/ticket,,,,,,
shop/coffee,shop,coffee,nw/shop=coffee,Boutique de vente de cafés,https://wiki.openstreetmap.org/wiki/FR:Tag:shop%3Dcoffee,A shop selling coffee,http://wiki.openstreetmap.org/entity/Q5186,,brands/shop/coffee,,,,,,
amenity/bureau_de_change,amenity,bureau_de_change,nw/amenity=bureau_de_change,Bureau de change,https://wiki.openstreetmap.org/wiki/FR:Tag:amenity%3Dbureau_de_change,,,,brands/amenity/bureau_de_change,,,,,,
amenity/post_office,amenity,post_office,nw/amenity=post_office,Bureau de poste,https://wiki.openstreetmap.org/wiki/FR:Tag:amenity%3Dpost_office,,,,brands/amenity/post_office,,,,,,
shop/tobacco,shop,tobacco,nw/shop=tobacco,Bureau de tabac,https://wiki.openstreetmap.org/wiki/FR:Tag:shop%3Dtobacco,"A shop selling tobacco, and possibly other convenience items",,,brands/shop/tobacco,8310,['47.26Z'],,,,"magasins de journaux, café, tabac"
office/guide,office,guide,nw/office=guide,Bureau des guides,https://wiki.openstreetmap.org/wiki/FR:Tag:office%3Dguide,,,,,,,,,,
amenity/cafe,amenity,cafe,nw/amenity=cafe,Café,https://wiki.openstreetmap.org/wiki/FR:Tag:amenity%3Dcafe,,,,brands/amenity/cafe,8310,"['56.10A', '56.30Z']",,,,
tourism/camp_site,tourism,camp_site,nw/tourism=camp_site,Camping,https://wiki.openstreetmap.org/wiki/FR:Tag:tourism%3Dcamp_site,,,,,8310,['55.30Z'],,,,
amenity/vehicle_inspection,amenity,vehicle_inspection,nw/amenity=vehicle_inspection,Centre de contrôle technique,https://wiki.openstreetmap.org/wiki/FR:Tag:amenity%3Dvehicle_inspection,,,,brands/amenity/vehicle_inspection,,,,,,
office/educational_institution,office,educational_institution,nw/office=educational_institution,Centre de formation,https://wiki.openstreetmap.org/wiki/FR:Tag:office%3Deducational_institution,,,,,,,,,,
craft/hvac,craft,hvac,nw/craft=hvac,Chauffagiste,https://wiki.openstreetmap.org/wiki/FR:Tag:craft%3Dhvac,"A shop selling equipment for heating, ventilation & air-conditioning.",,,,,,,,,
shop/chocolate,shop,chocolate,nw/shop=chocolate,Chocolatier,https://wiki.openstreetmap.org/wiki/FR:Tag:shop%3Dchocolate,Shop focused on selling chocolate.,,modifié,brands/shop/chocolate,8310,['47.24Z'],,,,
amenity/cinema,amenity,cinema,nw/amenity=cinema,Cinéma,https://wiki.openstreetmap.org/wiki/FR:Tag:amenity%3Dcinema,,,,brands/amenity/cinema,8310,['59.14Z'],,,,
shop/car,shop,car,nw/shop=car,Concessionnaire automobile,https://wiki.openstreetmap.org/wiki/FR:Tag:shop%3Dcar,Magasin/service réparant les véhicules automobiles.,,modifié,brands/shop/car,8310,"['45.11Z', '45.19Z']",,,,autres car_qqch
shop/confectionery,shop,confectionery,nw/shop=confectionery,Confiserie,https://wiki.openstreetmap.org/wiki/FR:Tag:shop%3Dconfectionery,Confiseur. Un magasin qui vend des sucreries et les pâtisseries,,modifié,brands/shop/confectionery,8310,['47.24Z'],,,,chocolate
craft/window_construction,craft,window_construction,nw/craft=window_construction,Construction de fenêtres,https://wiki.openstreetmap.org/wiki/FR:Tag:craft%3Dwindow_construction,,,,brands/craft/window_construction,,,,,,
craft/shoemaker,craft,shoemaker,nw/craft=shoemaker,Cordonnier,https://wiki.openstreetmap.org/wiki/FR:Tag:craft%3Dshoemaker,,,,,,,,,,
amenity/crematorium,amenity,crematorium,nw/amenity=crematorium,Crématorium,https://wiki.openstreetmap.org/wiki/FR:Tag:amenity%3Dcrematorium,,,,,,,,,,
shop/kitchen,shop,kitchen,nw/shop=kitchen,Cuisiniste,https://wiki.openstreetmap.org/wiki/FR:Tag:shop%3Dkitchen,Un commerce où vous pouvez concevoir et acheter une cuisine.,http://wiki.openstreetmap.org/entity/Q5315,,brands/shop/kitchen,8310,['47.59A'],,,,
amenity/internet_cafe,amenity,internet_cafe,nw/amenity=internet_cafe,Cybercafé,https://wiki.openstreetmap.org/wiki/FR:Tag:amenity%3Dinternet_cafe,,,,brands/amenity/internet_cafe,,,,,,
shop/second_hand,shop,second_hand,nw/shop=second_hand,Dépôt-vente/produits d'occasion,https://wiki.openstreetmap.org/wiki/FR:Tag:shop%3Dsecond_hand,un commerce vendant des produits d'occasion,http://wiki.openstreetmap.org/entity/Q6417,,brands/shop/second_hand,8310,['47.79Z'],,,,
craft/electrician,craft,electrician,nw/craft=electrician,Électricien,https://wiki.openstreetmap.org/wiki/FR:Tag:craft%3Delectrician,,,,,,,,,,
office/private_investigator,office,private_investigator,nw/office=private_investigator,Enquêteur privé/détective,https://wiki.openstreetmap.org/wiki/FR:Tag:office%3Dprivate_investigator,,,,,,,,,,
office/moving_company,office,moving_company,nw/office=moving_company,Entreprise de déménagement,https://wiki.openstreetmap.org/wiki/FR:Tag:office%3Dmoving_company,,,,brands/office/moving_company,,,,,,
shop/grocery,shop,grocery,nw/shop=grocery,Épicerie,https://wiki.openstreetmap.org/wiki/FR:Tag:shop%3Dgrocery,A retail store that specializes in selling non-perishable food.,http://wiki.openstreetmap.org/entity/Q7412,,,8310,['47.21Z'],,,,convenience ?
shop/convenience,shop,convenience,nw/shop=convenience,Épicerie / Supérette,https://wiki.openstreetmap.org/wiki/FR:Tag:shop%3Dconvenience,Épicerie ou supérette: petit commerce de proximité qui vend quelques produits que l'on trouve dans les supermarchés.,,modifié,brands/shop/convenience,8310,"['47.11B', '47.11C']",,,,supermarket ?
shop/deli,shop,deli,nw/shop=deli,Épicerie de luxe,https://wiki.openstreetmap.org/wiki/FR:Tag:shop%3Ddeli,Utilisé pour baliser un delicatessen.,http://wiki.openstreetmap.org/entity/Q5807,modifié,brands/shop/deli,8310,"['10.13B', '47.11B', '47.11C', '47.21Z']",,,Cette épicerie fine existe,
shop/florist,shop,florist,nw/shop=florist,Fleuriste,https://wiki.openstreetmap.org/wiki/FR:Tag:shop%3Dflorist,Une boutique qui vend de bouquets de fleurs,http://wiki.openstreetmap.org/entity/Q4785,,brands/shop/florist,8310,['47.76Z'],,,,
shop/cheese,shop,cheese,nw/shop=cheese,Fromager,https://wiki.openstreetmap.org/wiki/FR:Tag:shop%3Dcheese,Magasin vendant principalement du fromage.,,modifié,,,,,,,
shop/funeral_directors,shop,funeral_directors,nw/shop=funeral_directors,Funérarium,https://wiki.openstreetmap.org/wiki/FR:Tag:shop%3Dfuneral_directors,"Offrir des services liés aux arrangements funéraires, appelés ""pompes funèbres"".",,modifié,brands/shop/funeral_directors,8310,['96.03Z'],,,,
shop/car_repair,shop,car_repair,nw/shop=car_repair,Garage de réparation automobile,https://wiki.openstreetmap.org/wiki/FR:Tag:shop%3Dcar_repair,Magasin/service réparant les véhicules automobiles.,,,brands/shop/car_repair,8310,['45.20A'],,,,autres car_qqch
shop/department_store,shop,department_store,nw/shop=department_store,Grand magasin,https://wiki.openstreetmap.org/wiki/FR:Tag:shop%3Ddepartment_store,Un grand magasin avec plusieurs comptoirs de vêtements et d'autres marchandises générales.,http://wiki.openstreetmap.org/entity/Q6758,,brands/shop/department_store,8310,['47.19A'],,,,
tourism/hotel,tourism,hotel,nw/tourism=hotel,Hôtel,https://wiki.openstreetmap.org/wiki/FR:Tag:tourism%3Dhotel,,,,brands/tourism/hotel,8310,['55.10Z'],,,,
amenity/animal_breeding,amenity,animal_breeding,nw/amenity=animal_breeding,Installation d'élevage d'animaux,https://wiki.openstreetmap.org/wiki/FR:Tag:amenity%3Danimal_breeding,,,,,,,,,,
shop/garden_centre,shop,garden_centre,nw/shop=garden_centre,Jardinerie,https://wiki.openstreetmap.org/wiki/FR:Tag:shop%3Dgarden_centre,"Commerce qui vend des potées fleuries, arbustes et arbres.",,modifié,brands/shop/garden_centre,8310,['47.76Z'],,,,"animalerie, jardinerie"
shop/kiosk,shop,kiosk,nw/shop=kiosk,Kiosque,https://wiki.openstreetmap.org/wiki/FR:Tag:shop%3Dkiosk,"Un petit commerce sur le trottoir qui peut vendre des magazines et journaux, du tabac, timbres, bonbons...",http://wiki.openstreetmap.org/entity/Q5025,,brands/shop/kiosk,,,,,,
shop/laundry,shop,laundry,nw/shop=laundry,Laverie,https://wiki.openstreetmap.org/wiki/FR:Tag:shop%3Dlaundry,"Un magasin pour laver les vêtements ordinaires, une laverie",,,brands/shop/laundry,8310,['96.01B'],,,,
shop/books,shop,books,nw/shop=books,Librairie,https://wiki.openstreetmap.org/wiki/FR:Tag:shop%3Dbooks,"Une librairie, magasin vendant principalement des livres",,,brands/shop/books,8310,['47.61Z'],,,,
amenity/boat_rental,amenity,boat_rental,nw/amenity=boat_rental,Location de bateau,https://wiki.openstreetmap.org/wiki/FR:Tag:amenity%3Dboat_rental,,,,,,,,,,
amenity/car_rental,amenity,car_rental,nw/amenity=car_rental,Location de voiture,https://wiki.openstreetmap.org/wiki/FR:Tag:amenity%3Dcar_rental,,,,brands/amenity/car_rental,,,,,,
shop/variety_store,shop,variety_store,nw/shop=variety_store,Magasin à prix unique ou à bas prix,https://wiki.openstreetmap.org/wiki/FR:Tag:shop%3Dvariety_store,Un magasin de variétés est un magasin de détail qui vend des articles peu coûteux,http://wiki.openstreetmap.org/entity/Q6968,,brands/shop/variety_store,,,,,,
,shop,cannabis,nw/shop=cannabis,Magasin CBD,,,,,,,,,,,déjà en production
shop/E-cigarette,shop,E-cigarette,nw/shop=E-cigarette,Magasin d'E-cigarettes,https://wiki.openstreetmap.org/wiki/FR:Tag:shop%3DE-cigarette,Un magasin vendant des cigarette électroniques,,,,,,,,,
shop/sports,shop,sports,nw/shop=sports,Magasin d'équipement sportif,https://wiki.openstreetmap.org/wiki/FR:Tag:shop%3Dsports,A shop selling sports equipment and clothing.,http://wiki.openstreetmap.org/entity/Q4947,,brands/shop/sports,8310,['47.64Z'],,,,"sports, outdoor"
shop/computer,shop,computer,nw/shop=computer,Magasin d'informatique,https://wiki.openstreetmap.org/wiki/FR:Tag:shop%3Dcomputer,"A shop selling computers, peripherals, software, ...",http://wiki.openstreetmap.org/entity/Q4967,,brands/shop/computer,8310,['47.41Z'],,,,
shop/beverages,shop,beverages,nw/shop=beverages,Magasin de boissons,https://wiki.openstreetmap.org/wiki/FR:Tag:shop%3Dbeverages,"Vente de boissons à emporter, alcoolisées ou non et sans licence particulière.",http://wiki.openstreetmap.org/entity/Q4958,,brands/shop/beverages,8310,['47.25Z'],,,,"alcohol, wine, beverages"
shop/doityourself,shop,doityourself,nw/shop=doityourself,Magasin de bricolage,https://wiki.openstreetmap.org/wiki/FR:Tag:shop%3Ddoityourself,"Magasin de bricolage. Propose le matériel pour faire des réparations, des aménagement, du bricolage en général.",,,brands/shop/doityourself,8310,"['47.52A', '47.52B']",,,,
shop/shoes,shop,shoes,nw/shop=shoes,Magasin de chaussures,https://wiki.openstreetmap.org/wiki/FR:Tag:shop%3Dshoes,,http://wiki.openstreetmap.org/entity/Q4832,,brands/shop/shoes,8310,['47.72A'],,,,
shop/cosmetics,shop,cosmetics,nw/shop=cosmetics,Magasin de cosmétiques,https://wiki.openstreetmap.org/wiki/FR:Tag:shop%3Dcosmetics,Shop exclusively selling cosmetics,,,brands/shop/cosmetics,8310,['47.75Z'],,,,
shop/sewing,shop,sewing,nw/shop=sewing,Magasin de couture,https://wiki.openstreetmap.org/wiki/FR:Tag:shop%3Dsewing,"Un magasin qui vend des fournitures de couture (tissu, fil, aiguilles à tricoter, machines à coudre, etc.",,,,8310,['47.51Z'],,,,
amenity/ice_cream,amenity,ice_cream,nw/amenity=ice_cream,Magasin de crèmes glacées,https://wiki.openstreetmap.org/wiki/FR:Tag:amenity%3Dice_cream,For places selling ice cream.,,,brands/amenity/ice_cream,,,,,,
shop/interior_decoration,shop,interior_decoration,nw/shop=interior_decoration,Magasin de décoration d'intérieur,https://wiki.openstreetmap.org/wiki/FR:Tag:shop%3Dinterior_decoration,Magasin axé sur la vente de décorations d'intérieur.,,,brands/shop/interior_decoration,,,,,,
shop/games,shop,games,nw/shop=games,Magasin de jeux de plateau,https://wiki.openstreetmap.org/wiki/FR:Tag:shop%3Dgames,Magasin de vente de jeux vidéo.,http://wiki.openstreetmap.org/entity/Q5451,,brands/shop/games,8310,['47.65Z'],,,,
shop/toys,shop,toys,nw/shop=toys,Magasin de jouets,https://wiki.openstreetmap.org/wiki/FR:Tag:shop%3Dtoys,Un magasin de jouets.,http://wiki.openstreetmap.org/entity/Q5022,,brands/shop/toys,8310,['47.65Z'],,,,
shop/newsagent,shop,newsagent,nw/shop=newsagent,Magasin de journaux,https://wiki.openstreetmap.org/wiki/FR:Tag:shop%3Dnewsagent,"Magasin qui vend des journaux, des cigarettes ou autres objets.",http://wiki.openstreetmap.org/entity/Q5048,,brands/shop/newsagent,8310,"['47.26Z', '47.62Z']",,,,"magasins de journaux, café, tabac"
shop/bed,shop,bed,nw/shop=bed,Magasin de literie,https://wiki.openstreetmap.org/wiki/FR:Tag:shop%3Dbed,Un magasin spécialisé dans la vente de matelas et autres produits de literie.,http://wiki.openstreetmap.org/entity/Q5225,,brands/shop/bed,8310,['47.59A'],,,,
shop/video_games,shop,video_games,nw/shop=video_games,Magasin de location et vente de jeux vidéo,https://wiki.openstreetmap.org/wiki/FR:Tag:shop%3Dvideo_games,Magasin de vente de jeux vidéo.,http://wiki.openstreetmap.org/entity/Q6433,,brands/shop/video_games,8310,['47.41Z'],,,,
shop/outdoor,shop,outdoor,nw/shop=outdoor,Magasin de matériel de sports de plein air,https://wiki.openstreetmap.org/wiki/FR:Tag:shop%3Doutdoor,"Magasin vendant du matériel de randonnées (ex : GPS), d'escalade et/ou de camping.",http://wiki.openstreetmap.org/entity/Q4807,,brands/shop/outdoor,8310,['47.64Z'],,,,"sports, outdoor"
shop/hifi,shop,hifi,nw/shop=hifi,Magasin de matériel hi-fi,https://wiki.openstreetmap.org/wiki/FR:Tag:shop%3Dhifi,Shop selling high fidelity audio components,http://wiki.openstreetmap.org/entity/Q4783,,brands/shop/hifi,8310,['47.43Z'],,,,electronics ?
shop/medical_supply,shop,medical_supply,nw/shop=medical_supply,Magasin de matériel médical,https://wiki.openstreetmap.org/wiki/FR:Tag:shop%3Dmedical_supply,Magasin de fournitures médicales,http://wiki.openstreetmap.org/entity/Q6798,,brands/shop/medical_supply,8310,['47.74Z'],,,,
shop/furniture,shop,furniture,nw/shop=furniture,Magasin de meubles,https://wiki.openstreetmap.org/wiki/FR:Tag:shop%3Dfurniture,,http://wiki.openstreetmap.org/entity/Q5001,,brands/shop/furniture,8310,['47.59A'],,,,
shop/watches,shop,watches,nw/shop=watches,Magasin de montres,https://wiki.openstreetmap.org/wiki/FR:Tag:shop%3Dwatches,A shop that sells watches.,http://wiki.openstreetmap.org/entity/Q5551,,brands/shop/watches,8310,['47.77Z'],,,,"montres, bijouteries"
shop/music,shop,music,nw/shop=music,Magasin de musique,https://wiki.openstreetmap.org/wiki/FR:Tag:shop%3Dmusic,"Shop selling musical instruments, lyrics, scores.",,,brands/shop/music,8310,['47.63Z'],,,,
shop/car_parts,shop,car_parts,nw/shop=car_parts,Magasin de pièces automobiles,https://wiki.openstreetmap.org/wiki/FR:Tag:shop%3Dcar_parts,"Magasin de pièces automobiles, accessoires, huiles de moteur, etc.",http://wiki.openstreetmap.org/entity/Q6396,,brands/shop/car_parts,8310,['45.32Z'],,,,autres car_qqch
shop/farm,shop,farm,nw/shop=farm,Magasin de producteurs,https://wiki.openstreetmap.org/wiki/FR:Tag:shop%3Dfarm,Un magasin à la ferme qui vend sa production.,http://wiki.openstreetmap.org/entity/Q4867,,,8310,"['47.11B', '47.11C', '47.21Z']",,,,
shop/frozen_food,shop,frozen_food,nw/shop=frozen_food,Magasin de produits surgelés,https://wiki.openstreetmap.org/wiki/FR:Tag:shop%3Dfrozen_food,Un magasin qui vend principalement des produits surgelés,,,brands/shop/frozen_food,8310,['47.11A'],,,,
shop/carpet,shop,carpet,nw/shop=carpet,Magasin de tapis,https://wiki.openstreetmap.org/wiki/FR:Tag:shop%3Dcarpet,Un magasin vendant des tapis et moquettes.,http://wiki.openstreetmap.org/entity/Q5473,,brands/shop/carpet,8310,['47.53Z'],,,,
shop/mobile_phone,shop,mobile_phone,nw/shop=mobile_phone,Magasin de téléphonie mobile,https://wiki.openstreetmap.org/wiki/FR:Tag:shop%3Dmobile_phone,Une boutique qui vend principalement des téléphones portables et des accessoires.,http://wiki.openstreetmap.org/entity/Q6565,,brands/shop/mobile_phone,8310,"['47.41Z', '47.42Z']",,,,
shop/tea,shop,tea,nw/shop=tea,Magasin de thés,https://wiki.openstreetmap.org/wiki/FR:Tag:shop%3Dtea,Shop selling tea,http://wiki.openstreetmap.org/entity/Q5713,,brands/shop/tea,,,,,,
shop/fabric,shop,fabric,nw/shop=fabric,Magasin de tissus,https://wiki.openstreetmap.org/wiki/FR:Tag:shop%3Dfabric,A shop that sells fabric,http://wiki.openstreetmap.org/entity/Q5084,,brands/shop/fabric,8310,['47.51Z'],,,,
shop/bicycle,shop,bicycle,nw/shop=bicycle,Magasin de vélos,https://wiki.openstreetmap.org/wiki/FR:Tag:shop%3Dbicycle,Une boutique ou vous pouvez acheter ou réparer votre vélo ou des accessoires.,http://wiki.openstreetmap.org/entity/Q5031,,brands/shop/bicycle,8310,['47.64Z'],,,,
shop/alcohol,shop,alcohol,nw/shop=alcohol,Magasin de vente d'alcool,https://wiki.openstreetmap.org/wiki/FR:Tag:shop%3Dalcohol,Boutique de vente d'alcool.,http://wiki.openstreetmap.org/entity/Q4857,,brands/shop/alcohol,8310,['47.25Z'],,,,"alcohol, wine, beverages"
shop/clothes,shop,clothes,nw/shop=clothes,Magasin de vêtements,https://wiki.openstreetmap.org/wiki/FR:Tag:shop%3Dclothes,Un magasin de vêtements,,,brands/shop/clothes,8310,['47.71Z'],,,,
shop/art,shop,art,nw/shop=art,Marchand d'art,https://wiki.openstreetmap.org/wiki/FR:Tag:shop%3Dart,,http://wiki.openstreetmap.org/entity/Q5115,,brands/shop/art,,,,,,
shop/greengrocer,shop,greengrocer,nw/shop=greengrocer,Marchand de fruits et légumes,https://wiki.openstreetmap.org/wiki/FR:Tag:shop%3Dgreengrocer,Un magasin qui vend des fruits et légumes,,modifié,brands/shop/greengrocer,8310,"['47.11B', '47.11C', '47.21Z']",,,,
shop/leather,shop,leather,nw/shop=leather,Maroquinier,https://wiki.openstreetmap.org/wiki/FR:Tag:shop%3Dleather,A shop for products made out of leather,http://wiki.openstreetmap.org/entity/Q5765,,brands/shop/leather,8310,['47.72B'],,,,
shop/optician,shop,optician,nw/shop=optician,Opticien,https://wiki.openstreetmap.org/wiki/FR:Tag:shop%3Doptician,"Un magasin qui vend, ajuste et répare des lunettes et des lentilles de contact sur ordonnance.",,modfié,brands/shop/optician,8310,['47.78A'],,,,audioprothésistes
shop/stationery,shop,stationery,nw/shop=stationery,Papeterie,https://wiki.openstreetmap.org/wiki/FR:Tag:shop%3Dstationery,Un magasin qui vend des fournitures de bureau,,,brands/shop/stationery,8310,['47.62Z'],,,,
shop/chemist,shop,chemist,nw/shop=chemist,Parapharmacie,https://wiki.openstreetmap.org/wiki/FR:Tag:shop%3Dchemist,"Boutique vendant des articles pour l'hygiène, des cosmétiques, des produits d'entretien",http://wiki.openstreetmap.org/entity/Q5055,,brands/shop/chemist,8310,['47.75Z'],,,,
shop/perfumery,shop,perfumery,nw/shop=perfumery,Parfumerie,https://wiki.openstreetmap.org/wiki/FR:Tag:shop%3Dperfumery,A shop selling perfumes.,http://wiki.openstreetmap.org/entity/Q5335,,brands/shop/perfumery,8310,['47.75Z'],,,,
shop/pastry,shop,pastry,nw/shop=pastry,Pâtisserie,https://wiki.openstreetmap.org/wiki/FR:Tag:shop%3Dpastry,un magasin de fabrication et de vente de pâtisseries,http://wiki.openstreetmap.org/entity/Q5827,modifié,brands/shop/pastry,8310,"['10.71B', '10.71C', '10.71D', '47.24Z']",,,Cette patisserie existe,boulangeries
amenity/pharmacy,amenity,pharmacy,nw/amenity=pharmacy,Pharmacie,https://wiki.openstreetmap.org/wiki/FR:Tag:amenity%3Dpharmacy,,,,brands/amenity/pharmacy,8310,['47.73Z'],,,,
shop/copyshop,shop,copyshop,nw/shop=copyshop,Photocopie et impression,https://wiki.openstreetmap.org/wiki/FR:Tag:shop%3Dcopyshop,Un magasin proposant des services de photocopie ou d'impression.,http://wiki.openstreetmap.org/entity/Q5623,,brands/shop/copyshop,,,,,,
craft/photographer,craft,photographer,nw/craft=photographer,Photographe,https://wiki.openstreetmap.org/wiki/FR:Tag:craft%3Dphotographer,,,,,,,,,,
amenity/animal_boarding,amenity,animal_boarding,nw/amenity=animal_boarding,Plateforme de chargement d'animaux,https://wiki.openstreetmap.org/wiki/FR:Tag:amenity%3Danimal_boarding,,,,brands/amenity/animal_boarding,,,,,,
craft/plumber,craft,plumber,nw/craft=plumber,Plombier,https://wiki.openstreetmap.org/wiki/FR:Tag:craft%3Dplumber,,,,brands/craft/plumber,,,,,,
shop/seafood,shop,seafood,nw/shop=seafood,Poissonnerie / Vente de fruits de mer,,A shop selling fish/seafood.,,modifié,brands/shop/seafood,8310,['47.23Z'],,,,
shop/dry_cleaning,shop,dry_cleaning,nw/shop=dry_cleaning,Pressing,https://wiki.openstreetmap.org/wiki/FR:Tag:shop%3Ddry_cleaning,Lieu proposant un service de nettoyage à sec de vêtements,http://wiki.openstreetmap.org/entity/Q6467,,brands/shop/dry_cleaning,,,,,,
amenity/pub,amenity,pub,nw/amenity=pub,Pub,https://wiki.openstreetmap.org/wiki/FR:Tag:amenity%3Dpub,,,,brands/amenity/pub,8310,"['56.10A', '56.30Z']",,,,"bar, pub, café"
shop/hardware,shop,hardware,nw/shop=hardware,Quincaillerie,https://wiki.openstreetmap.org/wiki/FR:Tag:shop%3Dhardware,"Un magasin qui vend du bois, des outils et d'autres produits de construction",http://wiki.openstreetmap.org/entity/Q4771,,brands/shop/hardware,8310,"['47.52A', '47.52B']",,,,
shop/motorcycle_repair,shop,motorcycle_repair,nw/shop=motorcycle_repair,Réparateur de motos,https://wiki.openstreetmap.org/wiki/FR:Tag:shop%3Dmotorcycle_repair,A place where you can get your motorcycles repaired.,http://wiki.openstreetmap.org/entity/Q6646,,brands/shop/motorcycle_repair,8310,['45.40Z'],,,,
amenity/restaurant,amenity,restaurant,nw/amenity=restaurant,Restaurant,https://wiki.openstreetmap.org/wiki/FR:Tag:amenity%3Drestaurant,,,,brands/amenity/restaurant,8310,"['56.10A', '56.10C']",,,,"restau, fast-food"
amenity/fast_food,amenity,fast_food,nw/amenity=fast_food,Restauration rapide,https://wiki.openstreetmap.org/wiki/FR:Tag:amenity%3Dfast_food,,,,brands/amenity/fast_food,8310,"['56.10A', '56.10C']",,,,"restau, fast-food"
shop/beauty,shop,beauty,nw/shop=beauty,Salon de beauté,https://wiki.openstreetmap.org/wiki/FR:Tag:shop%3Dbeauty,"Un salon d'esthéticienne, spa, onglerie, etc.",,,brands/shop/beauty,8310,"['47.75Z', '96.02B', '96.04Z']",,,,
shop/hairdresser,shop,hairdresser,nw/shop=hairdresser,Salon de coiffure,https://wiki.openstreetmap.org/wiki/FR:Tag:shop%3Dhairdresser,Un salon de coiffure où vous pouvez vous faire couper les cheveux,,,brands/shop/hairdresser,8310,['96.02A'],,,,
shop/massage,shop,massage,nw/shop=massage,Salon de massage,https://wiki.openstreetmap.org/wiki/FR:Tag:shop%3Dmassage,Cabinet de massage,http://wiki.openstreetmap.org/entity/Q5051,,brands/shop/massage,8310,['96.04Z'],,,,
shop/tatoo,shop,tatoo,nw/shop=tatoo,Salon de tatouage,https://wiki.openstreetmap.org/wiki/FR:Tag:shop%3Dtatoo,,,,,,,,,,
amenity/car_wash,amenity,car_wash,nw/amenity=car_wash,Station de lavage de voiture,https://wiki.openstreetmap.org/wiki/FR:Tag:amenity%3Dcar_wash,,,,brands/amenity/car_wash,,,,,,
amenity/fuel,amenity,fuel,nw/amenity=fuel,Station-service,https://wiki.openstreetmap.org/wiki/FR:Tag:amenity%3Dfuel,A shop selling fuels,https://wiki.openstreetmap.org/wiki/Item:Q4716,,brands/amenity/fuel,,,,,,déjà en production
,shop,supermarket,nw/shop=supermarket,Supermarché,,,,,,,,,,,déjà en production
craft/dressmaker/tailor,craft,dressmaker/tailor,nw/craft=dressmaker/tailor,Tailleur,https://wiki.openstreetmap.org/wiki/FR:Tag:craft%3Ddressmaker/tailor,,,,,,,,,,
amenity/theatre,amenity,theatre,nw/amenity=theatre,Théâtre,https://wiki.openstreetmap.org/wiki/FR:Tag:amenity%3Dtheatre,,,,,,,,,,
craft/caterer,craft,caterer,nw/craft=caterer,Traiteur,https://wiki.openstreetmap.org/wiki/FR:Tag:craft%3Dcaterer,,,,,,,,,,
shop/motorcycle,shop,motorcycle,nw/shop=motorcycle,Vendeur de motos,https://wiki.openstreetmap.org/wiki/FR:Tag:shop%3Dmotorcycle,Un magasin qui vend des motos et/ou des accessoires et services,http://wiki.openstreetmap.org/entity/Q5008,,brands/shop/motorcycle,8310,['45.40Z'],,,,